listing_id,my_tier,sonnet,haiku,opus,models_agree,my_confidence,boundary_case,my_notes,title,description,cause,review_notes
L039,good,fair,fair,fair,Y,low,Y,"this could also be labeled per the quality descriptions as ""Fair"" per condition instructions given just how many damages are listed in the description",Auth LOUIS VUITTON Speedy 25 Monogram Handbag Monogram M41528 P-5161S809,"Condition
Pre-owned - Good
Seller Notes
“Outside BC: Rubbing scratches on nume leather, Rubbing scratches on piping, Dirts on nume leather, Wrinkles on nume leather, Rubbing scratches on the corner(s), Stains on nume leather, Dirts on handle, Wrinkles on handle, Rubbing scratches on handle, Peeling off (plating), Crack on nume leather, Stains on handle, Rubbing scratches on monogram canvas, Peeling on handle, Peeling on leather edge(s), Inside B: Rubbing scratches, Dirts, Thread fraying, Others: There is NO Padlock, Key and Dust bag.Only the accessory in the photo will be sent.”Read Lessabout the seller notes
Bag Width
10 in
Pattern
Monogram
Bag Height
7.5in
Product Name
Speedy 25
Hardware Color
Gold
MPN
Does not apply
Bag Depth
6 in
Model Number
M41528
Exterior Material
Monogram Canvas
Size (Mens)
Does not apply
Brand
Louis Vuitton
Line
Monogram
Department
Women
Type
Handbag
Exterior Color
Brown
Lining Color
Brown
Style
Handbag
Country of Origin
France
Product Line
Louis Vuitton Speedy
UPC
Does Not Apply


100% Authentic Item we provide! item is shipped from Japan!

***Pictures were taken from the actual item.***

***Please check the pictures carefully.***

 (Actual Colors may slightly differ depending on your PC monitor and lighting environment)

      
Outside BC:  Rubbing scratches on nume leather, Rubbing scratches on piping, Dirts on nume leather, Wrinkles on nume leather, Rubbing scratches on the corner(s), Stains on nume leather, Dirts on handle, Wrinkles on handle, Rubbing scratches on handle, Peeling off (plating), Crack on nume leather, Stains on handle, Rubbing scratches on monogram canvas, Peeling on handle, Peeling on leather edge(s), 

Inside BC:  Rubbing scratches, Dirts, Thread fraying, Peeling off Dirt on the Inside Pocket

No offensive Odor Noticed

Others: There is NO Padlock, Key and Dust bag.Only the accessory in the photo will be sent. 

Accessories:External company shoulder strap
Please note

*※ It is very difficult to cover all minor defects.**

**※ Please understand that senses of smell varies by person.Used items may have developed an unpleasant odor.**
**※ The photos sometimes don't show the actual color depending on your PC monitor and lighting environment..**
**※ The size is approximate.**
**※Shape should only be judged when the bag is in use.The shape of a bag cannot be accurately assessed while the bag is empty.**

Condition Rank

N --Brand New

S --Mint condition, Like new, but not perfect

A --Very Good condition, with tiny scratches or/and stains.

B --Good, some scratches,stains, and Used Feeling

C --Fair, has been used feeling obviously , but still acceptable

D --Poor, has damages, but still usable

J --Junk items",,
L017,excellent,insufficient information,insufficient information,insufficient information,Y,low,N,mentions inclusion of packaging & dustbag,"Soeur

Leather Flats

Women's Size: 11","Soeur Leather Flats
Green
Semi-Pointed Toes
Includes Box & Dust Bag
Unfortunately, due to restrictions, this item may not be eligible for shipping in all areas.
Platforms
0.5""
Gender
Women
Item #
WSEOU23785",,
L028,very good,excellent,excellent,excellent,Y,low,N,claim without evidence; only states condition but no quality details to improve confidence,Eugenia Kim Patent Leather flats,"Eugenia Kim “Matilda” Eelskin & Genuine Mink Fur Pointed Flats

Without Original Box

A rare footwear design from celebrated New York accessories designer Eugenia Kim, the Matilda flat combines exotic-textured eelskin with a plush genuine mink vamp for a striking mix of polish, softness and understated eccentricity.

The sleek upper is crafted from glossy black eelskin, displaying the naturally distinctive narrow-grained texture and subtle tonal variation characteristic of the material. Rather than appearing like conventional smooth patent leather, the surface has an organic, lightly segmented character with visible stitched panel construction.

Across the forefoot sits an oversized band of genuine mink fur in a sophisticated cool gray / taupe tone. The dense, exceptionally soft fur creates dramatic dimension while leaving the sharply tapered black toe exposed.

The silhouette remains elegant and wearable, featuring a long pointed toe, very low stacked heel and streamlined low-cut profile. A warm tan leather interior adds a refined contrast to the black exterior.

Details
Designer: Eugenia Kim
Model: Matilda
Original MSRP: $895
Condition: New Without Original Box
Women's Size: 39 EU — label
US Equivalent: 9 US Women's — Eugenia Kim size chart
Upper: Genuine black eelskin
Trim: Genuine mink fur
Fur Color: Cool gray / taupe
Interior: Tan leather
Toe: Pointed
Heel: Very low stacked heel
Outsole: Black leather with protective heel/toe contact sections
Made in Italy only if you want to include it after confirming the outsole stamp clearly states it

The dramatic combination of eelskin, genuine mink and a razor-clean pointed silhouette makes the Matilda feel more like a collectible Eugenia Kim fashion piece than a conventional flat.

Details
Online since:2026-09-09
Categories :Women
Category:Shoes
Sub-category:Flats
Designer:Eugenia Kim
Condition:Very good conditionMore info
Material:Patent leather
Colour:Black
Size:39 EUsize guide
Location:United States, from the seller _ToddOll
Reference:70860497",,
L030,good,very good,very good,very good,Y,low,N,claim without evidence; only states condition but no quality details to improve confidence,Nike air force 1 trainers,"Nike Air Force 1 Shadow Colorblock Houndstooth Low Top Running Sneakers Shoes 10

Size: 10
Condition: Good

Details
Online since:2026-08-16
Categories :Women
Category:Shoes
Sub-category:Trainers
Designer:Nike
Model:Air Force 1
Condition:Very good conditionMore info
Material:Fur
Colour:Multicolour
Size:10 USsize guide
Location:United States, from the seller Brie
Reference:69991629",,
L037,very good,excellent,excellent,excellent,Y,low,N,claim without evidence; only states condition but no quality details to make a determination,Balenciaga The City Bag Black Leather,"Size
OS
Condition
Like New
Color
Black
Category
Women
Bags
Shoulder Bags
Brand
Balenciaga
Style Tags
The City
Black
Balenciaga
Balenciaga The City Bag Black Leather Authentic Guaranteed Fast Shipping and Carefully Packaged Includes a Certificate of Authenticity COA",,
L048,good,fair,fair,fair,Y,high,N,lots of description of all parts of the bag giving very clear details on quality expectations,"Gucci
GG Supreme Monogram Textured Dollar Calfskin Web Small Ophidia Dome Shoulder Bag Beige Ebony New Acero","Exterior: Corner wear, scuffs, edge wear, pilling, frayed stitch(es), surface wear
Handle: Edge wear, scuffs
Interior: Ink marks, discoloration, tear in seam, marks, frayed stitch(es)
Hardware: Scratch(es)

Comes With: FASHIONPHILE Certificate of Authenticity

Item #: 1965872

This is the authentic GG Supreme Monogram Textured Dollar Calfskin Web Small Ophidia Dome Shoulder Bag Beige Ebony New Acero. This crossbody bag is crafted of monogram coated canvas with brown leather trim. The bag features an adjustable brown leather shoulder strap, a signature green and red web stripe with gold GG logo on the front, and a gold wrap-around zipper that opens to a teal satin interior with patch pockets.
Follow this item for alerts. Gucci is a registered trademark of Gucci. FASHIONPHILE is not affiliated with Gucci.

Base length: 9 in
Height: 7.25 in
Width: 3.25 in
Drop: 19.75 in",,
L061,very good,excellent,excellent,excellent,Y,medium,N,only quality provided is faint scratching,"Van Cleef & Arpels
18K Yellow Gold Mother of Pearl Vintage Alhambra Earrings","Hardware: Faint scratch(es)

Comes With: FASHIONPHILE Certificate of Authenticity, pouch

Item #: 1876510

This is an authentic pair of VAN CLEEF & ARPELS 18K Yellow Gold Mother of Pearl Vintage Alhambra Earrings. The earrings are crafted of 18 karat yellow gold and feature an Alhambra clover motif set with mother of pearl framed by beaded detail.",,
L068,insufficient information,pristine,pristine,pristine,Y,low,N,no condition or quality claims provided at all,"Fendi
Animal Print Ski Pants w/ Tags","Fendi Ski Pants
Brown
Animal Print
Mid-Rise
Slit Pockets
Zip & Button Closure
Fit: Pants by Fendi typically fit small, consider taking a size up.


Details
Estimated item measurements
Waist
26.75""
Hip
34.75""
Rise
12.25""
Inseam
30.5""
Leg Opening
17.25""
Gender
Women
Fabric
100% Polyester; Lining 100% Polyester; Combo 100% Polyester",,
L083,very good,good,good,good,Y,medium,Y,lots of quality descriptions but depending on severity of damage between good and very good,"Salvatore Ferragamo
Calfskin Medium Hug Bag Black","Handle: Edge wear
Exterior: Edge wear, marks, faint corner wear, faint scuffs
Hardware: Scratch(es)
Interior: Scuffs, marks

Comes With: FASHIONPHILE Certificate of Authenticity, dust bag, strap, bag charm

This is an authentic SALVATORE FERRAGAMO Calfskin Medium Hug Bag in Black. This stylish top handle bag is crafted of calfskin leather in black with wrap around straps with gancini clasps. It features gold hardware, rolled leather handles, and an optional shoulder strap. The bag has an open top and a leather interior with a zipper pocket",,
L096,very good,good,good,good,Y,medium,Y,describes only minor scuffing but severity not included meaning boundary case b/n good,"Tory Burch
Size 10
Heels","Condition
good
Worn but still in good condition. Inspection shows: scratches or scuffs.

Item details
#233216592
100% leather
Loafers, black, size 10 m, medium width
Size & fit
Size 10 
Measured at 2.25"" heel height (approx.) ",,
L105,very good,good,good,good,Y,medium,N,describes only one ink stain inside of a pocket,Louis Vuitton Sistina leather handbag,"Description
Louis Vuitton Shoulder Bag Sistina GM in Brown Damier Ebene and Golden Brass hardware. Ink stain in one inside pocket.

Details
Online since:2026-09-22
Categories :Women
Category:Bags
Sub-category:Handbags
Designer:Louis Vuitton
Model:Sistina
Condition:Very good conditionMore info
Material:Leather
Color:Brown
Location:United States, from the seller Agnes
Reference:71352840
Measurements
Width:8 in
Height:14 in
Depth:6 in
Sold with
Dust bag",,
L108,excellent,pristine,pristine,pristine,Y,low,N,stated never worn w/ tags in tact,Prada Cashmere Jumper,"Description
Prada Yellow Cashmere Crewneck.
Size: 40 IT.
Made in Italy.
Comes with Original tag.

Details
Online since:2026-09-21
Categories :Women
Category:Clothing
Sub-category:Knitwear
Designer:Prada
Condition:Never worn, with tagMore info
Material:Cashmere
Color:Yellow
Size:40 ITsizing guide
Location:Vestiaire Collective United States
Reference:71380013",,
L109,excellent,pristine,pristine,pristine,Y,medium,N,new with tags & never worn,Toteme Ardenza cashmere maxi skirt,"Description
NWT Toteme Long Knit Cashmere Lyocell Waistband Column Midi Maxi Skirt White

New with tags! Originally $500.

TOTEME skirt finely knitted as a nod to the collection's play on transparency. It has a long, straight silhouette suspended from a wide elastic waistband that can be adjusted at the hips.


Details
Online since:2026-09-19
Categories :Women
Category:Clothing
Sub-category:Skirts
Designer:Toteme
Model:Ardenza
Condition:Never worn, with tagMore info
Material:Cashmere
Color:White
Size:L Internationalsizing guide
Location:United States, from the seller LK
Reference:71308769",,
L123,insufficient information,excellent,excellent,excellent,Y,low,N,no condition stated & no quality details to make a determination,Diane Von Furstenberg Dark Brown Leather Mules Sz 8. Excellent Condition.,"Size
8

Condition
Pre Owned
Color
Brown
Category
Women
Shoes
Mules & Clogs
Brand
Diane Von Furstenberg
Chic and versatile dark brown leather mules. Ideal for elevating any outfit. 4 1/2 patent leather heel.",,
L127,very good,excellent,excellent,excellent,Y,low,N,claim without evidence; only states condition but no quality details to make a determination,New Anthropologie Gold Fringe Drop Earrings,"Size
OS
Condition
Like New
Color
Gold
Category
Women
Jewelry
Earrings
Brand
Anthropologie
Style Tags
Gold
Bohemian
Style No. 79799060; Color Code: 

Iron, brass, cubic zirconia
Ear wire styling
Imported",,
L142,very good,excellent,excellent,excellent,Y,medium,N,describes only used a handful of times & bag is in clean condition,Michael Kors bag,"BrandMichael Kors
Condition
Very good
Color
Black
Uploaded
2 days ago
Very clean!! Only used a handful of times, like new! This Michael Kors satchel in black is a sophisticated accessory that combines elegance with functionality. Crafted from premium materials, it features striking chain-link details on the handles (long strap is removable), adding a touch of modern flair. Its spacious interior and classic design make it an ideal choice for any occasion.",,
L034,insufficient information,excellent,excellent,excellent,Y,low,N,no condition stated & no quality details to make a determination,Strathberry Leather Shoulder Bag w/ Tags,"Strathberry Shoulder Bag
Red Leather
Gold-Tone Hardware
Handle & Single Adjustable Shoulder Strap
Suede Lining
Drawstring Closure at Top
Includes Dust Bag

Shoulder Strap Drop
23""
Height
6""
Width
8.5""
Depth
3.5""
Gender
Women
Item #
STRAT23362",,
L067,excellent,pristine,pristine,insufficient information,N,low,N,claim without evidence; there isn't any actual item quality descriptions except that it has dustbag+ included -- will label excellent but low confidence,"Hermès
Toile Goeland & Swift Cargo Birkin 35","Hermès Top Handle Bag
From the 2021 Collection
Noir & Bleu Marine Canvas
Palladium-Plated Hardware
Swift Leather Trim
Rolled Handles
Leather Trim Embellishment & Four Exterior Pockets
Unlined
Turn-Lock & Flap Closures at Front
Protective Feet at Base
Includes Box, Dust Bag, Lock, Keys, Clochette & Rain Jacket

Details
Estimated item measurements
Handle Drop
4.5""
Height
10.5""
Width
13.25""
Depth
7.5""
Lock/Key
Included
Box
Included
Dustbag
3 Included
Rain Jacket
Included
Size
35cm
Hardware
Palladium-Plated",,
L140,very good,good,excellent,excellent,N,medium,N,claim without evidence; labeled that its still in great shape with no defects but there are a few signs of wear,women’s leather jacket,"Condition
Pre-owned - Good: This item has been gently used but is in good condition. It might have a few signs of wear, but all imperfections should be shown and described in the seller’s listing. See all condition definitionsopens in a new window or tab
Outer Shell Material
Leather
Pattern
Solid
Jacket/Coat Length
Mid-Length
Closure
Zip
Occasion
Casual, Workwear
Size
40
Color
Brown
Lining Material
Leather
Fabric Type
Satin
Accents
Zipper
Vintage
No
Brand
Unbranded
Insulation Material
Polyester
Size Type
Regular
Type
Jacket
Department
Unisex Adults
Model
Easy Rider
Style
Motorcycle Jacket
Theme
Motorcycle
Features
Lightweight, All Seasons
Season
Winter, Spring, Fall
Country of Origin
China

Item description from the seller:
women’s leather jacket in great shape no defects

Top gun style Bombay jacket comes from non smoking home, size 40 in Europe.
Soft lamb skin leather , No flaws, soft leather , zipper , great for motorcycle riders, clean in great condition.",,
L065,insufficient information,excellent,pristine,excellent,N,low,N,no condition or quality claims provided at all,"Chloé
Leather Clutch w/ Tags","Chloé Clutch
Purple Leather
Braided Handles
Suede Lining
Fold-In Flap Closure at Front
Includes Dust Bag
Unfortunately, due to restrictions, this item may not be eligible for shipping in all areas.


Details
Estimated item measurements
Handle Drop
12""
Height
6.75""
Width
11.75""
Depth
0.75""",,
L070,insufficient information,excellent,pristine,pristine,N,low,N,no condition or quality claims provided at all,"Saint Laurent
Wool Blazer w/ Tags","Saint Laurent Wool Blazer
Black
Pointed Collar
Flap Pockets & Button Closure
Fit: Jackets by Saint Laurent typically fit small, consider taking a size up.


Details
Estimated item measurements
Bust
31.5""
Waist
36""
Shoulder
14.5""
Length
31.25""
Sleeve
24.25""
Gender
Women
Fabric
100% Wool; Lining 100% Silk; Pockets/Pocket Lining 97% Cotton, 3% Elastane",,
L071,insufficient information,excellent,pristine,pristine,N,low,N,no condition or quality claims provided at all,"Brunello Cucinelli
Linen Straight Leg Pants w/ Tags","Brunello Cucinelli Linen Straight Leg Pants
Neutrals
Mid-Rise
Slit Pockets
Zip & Button Closure
Fit: Pants by Brunello Cucinelli are typically designed for a relaxed fit, consider taking a size down based on desired fit.


Details
Estimated item measurements
Waist
31""
Hip
39.5""
Rise
12.5""
Inseam
27.5""
Leg Opening
15""
Gender
Women
Fabric
100% Linen",,
L082,very good,good,good,fair,N,medium,Y,lots of quality descriptions but depending on severity of damage between good and very good,"Hermes
Chevre Mysore Mini 1923 Bolide Black","Handle: Frayed stitch(es)
Hardware: Scratch(es), protective plastic sticker(s) intact
Interior: Scuffs, surface wear, marks

Comes With: FASHIONPHILE Certificate of Authenticity, box, dust bag, strap

Year: 2023

This is an authentic HERMES Chevre Mysore Mini 1923 Bolide in Black. This stylish tote is crafted of supple chevre mysore goatskin leather in black. This mini handbag features rolled leather top handles, an optional leather shoulder strap, and polished gold hardware. The top zipper opens to a matching leather interior with a patch pocket.",,
L035,very good,fair,good,fair,N,low,N,claim without evidence; only states condition but no quality details to make a determination,JW Pei | Half Moon Bag,"Size
OS
Color
Black
Gray
Category
Women
Bags
Shoulder Bags
Brand
JW PEI
♡great condition
♡zipper is a little difficult, but works fine",,
